{
  "project_info": {
    "project_number": "757775353729",
    "firebase_url": "https://my-quote-96cc9.firebaseio.com",
    "project_id": "my-quote-96cc9",
    "storage_bucket": "my-quote-96cc9.appspot.com"
  },
  "client": [
    {
      "client_info": {
        "mobilesdk_app_id": "1:757775353729:android:d279dfc6bdeacbaf460a80",
        "android_client_info": {
          "package_name": "com.tryus.myquote"
        }
      },
      "oauth_client": [
        {
          "client_id": "757775353729-asik3u7dkkhuldgkhp05920mcc1ls1of.apps.googleusercontent.com",
          "client_type": 3
        }
      ],
      "api_key": [
        {
          "current_key": "AIzaSyCZUWoODWtxV-i0YQltbuBTZUih4rzPqi0"
        }
      ],
      "services": {
        "appinvite_service": {
          "other_platform_oauth_client": [
            {
              "client_id": "757775353729-asik3u7dkkhuldgkhp05920mcc1ls1of.apps.googleusercontent.com",
              "client_type": 3
            }
          ]
        }
      }
    }
  ],
  "configuration_version": "1"
}